Kategoria,Nazwa,Cena,URL Obrazu
Drops Kid-Silk,,,https://wloczkowyswiat.pl/environment/cache/images/300_300_productGfx_2771/wloczka%2C-Kid-Silk%2C-Drops%2C-kolor-29-wanilia-.jpg,https://wloczkowyswiat.pl/environment/cache/images/300_300_productGfx_2771/wloczka%2C-Kid-Silk%2C-Drops%2C-kolor-29-wanilia-.jpg
Drops Kid-Silk,,,https://wloczkowyswiat.pl/environment/cache/images/300_300_productGfx_2318/Drops-Kid-Silk-kolor-09-jasna-lawenda.jpg,https://wloczkowyswiat.pl/environment/cache/images/300_300_productGfx_2318/Drops-Kid-Silk-kolor-09-jasna-lawenda.jpg
Drops Kid-Silk,,,https://wloczkowyswiat.pl/environment/cache/images/300_300_productGfx_2772/wloczka%2C-Kid-Silk%2C-Drops%2C-kolor-38-kreda-.jpg,https://wloczkowyswiat.pl/environment/cache/images/300_300_productGfx_2772/wloczka%2C-Kid-Silk%2C-Drops%2C-kolor-38-kreda-.jpg
Drops Kid-Silk,,,https://wloczkowyswiat.pl/environment/cache/images/300_300_productGfx_2321/Drops-Kid-Silk-kolor-37-morze-polnocne.jpg,https://wloczkowyswiat.pl/environment/cache/images/300_300_productGfx_2321/Drops-Kid-Silk-kolor-37-morze-polnocne.jpg
Drops Kid-Silk,,,https://wloczkowyswiat.pl/environment/cache/images/300_300_productGfx_2879/wloczka%2C-Kid-Silk%2C-Drops%2C-kolor-11-lawenda.jpg,https://wloczkowyswiat.pl/environment/cache/images/300_300_productGfx_2879/wloczka%2C-Kid-Silk%2C-Drops%2C-kolor-11-lawenda.jpg
Drops Kid-Silk,,,https://wloczkowyswiat.pl/environment/cache/images/300_300_productGfx_2462/Drops-Kid-Silk-kolor-06-niebieska-mgielka.jpg,https://wloczkowyswiat.pl/environment/cache/images/300_300_productGfx_2462/Drops-Kid-Silk-kolor-06-niebieska-mgielka.jpg
Drops Kid-Silk,,,https://wloczkowyswiat.pl/environment/cache/images/300_300_productGfx_2898/wloczka%2C-Kid-Silk%2C-Drops%2C-kolor-36-bordowy.jpg,https://wloczkowyswiat.pl/environment/cache/images/300_300_productGfx_2898/wloczka%2C-Kid-Silk%2C-Drops%2C-kolor-36-bordowy.jpg
Drops Kid-Silk,,,https://wloczkowyswiat.pl/environment/cache/images/300_300_productGfx_2919/wloczka%2C-Drops-Kid-Silk%2C-kolor-zielona-szalwia%2C-nr-34.jpg,https://wloczkowyswiat.pl/environment/cache/images/300_300_productGfx_2919/wloczka%2C-Drops-Kid-Silk%2C-kolor-zielona-szalwia%2C-nr-34.jpg
Drops Kid-Silk,,,https://wloczkowyswiat.pl/environment/cache/images/300_300_productGfx_2918/wloczka%2C-Drops-Kid-Silk%2C-kolor-malwa%2C-nr-31.jpg,https://wloczkowyswiat.pl/environment/cache/images/300_300_productGfx_2918/wloczka%2C-Drops-Kid-Silk%2C-kolor-malwa%2C-nr-31.jpg
Drops Kid-Silk,,,https://wloczkowyswiat.pl/environment/cache/images/300_300_productGfx_3686/Wloczka-Drops%2C-Kid-Silk%2C-45-jasna-mieta%2C-moher%2C-jedwab.jpg,https://wloczkowyswiat.pl/environment/cache/images/300_300_productGfx_3686/Wloczka-Drops%2C-Kid-Silk%2C-45-jasna-mieta%2C-moher%2C-jedwab.jpg
Drops Kid-Silk,,,https://wloczkowyswiat.pl/environment/cache/images/300_300_productGfx_2920/wloczka%2C-Drops-Kid-Silk%2C-kolor-pudrowy%2C-nr-41.jpg,https://wloczkowyswiat.pl/environment/cache/images/300_300_productGfx_2920/wloczka%2C-Drops-Kid-Silk%2C-kolor-pudrowy%2C-nr-41.jpg
Drops Kid-Silk,,,https://wloczkowyswiat.pl/environment/cache/images/300_300_productGfx_3687/Wloczka-Drops%2C-Kid-Silk%2C-47-lody-pistacjowe%2C-moher%2C-jedwab.jpg,https://wloczkowyswiat.pl/environment/cache/images/300_300_productGfx_3687/Wloczka-Drops%2C-Kid-Silk%2C-47-lody-pistacjowe%2C-moher%2C-jedwab.jpg
Włóczki ręcznie farbowane,"włóczka skarpetkowa, ręcznie farbowana, 01","85,00 zł",https://wloczkowyswiat.pl/environment/cache/images/300_300_productGfx_4457/20240722_191628aaa-1.jpg,https://wloczkowyswiat.pl/environment/cache/images/300_300_productGfx_4457/20240722_191628aaa-1.jpg
Włóczki ręcznie farbowane,"włóczka skarpetkowa, ręcznie farbowana, 02","85,00 zł",https://wloczkowyswiat.pl/environment/cache/images/300_300_productGfx_4458/wloczka-skarpetkowa%2C-recznie-farbowana%2C-02.jpg,https://wloczkowyswiat.pl/environment/cache/images/300_300_productGfx_4458/wloczka-skarpetkowa%2C-recznie-farbowana%2C-02.jpg
Włóczki ręcznie farbowane,"włóczka skarpetkowa, ręcznie farbowana, 03","85,00 zł",https://wloczkowyswiat.pl/environment/cache/images/300_300_productGfx_4459/wloczka-skarpetkowa%2C-recznie-farbowana%2C-03.jpg,https://wloczkowyswiat.pl/environment/cache/images/300_300_productGfx_4459/wloczka-skarpetkowa%2C-recznie-farbowana%2C-03.jpg
Włóczki ręcznie farbowane,"włóczka skarpetkowa, ręcznie farbowana, 04","85,00 zł",https://wloczkowyswiat.pl/environment/cache/images/300_300_productGfx_4460/wloczka-skarpetkowa%2C-recznie-farbowana%2C-04.jpg,https://wloczkowyswiat.pl/environment/cache/images/300_300_productGfx_4460/wloczka-skarpetkowa%2C-recznie-farbowana%2C-04.jpg
Włóczki ręcznie farbowane,"włóczka skarpetkowa, ręcznie farbowana, 05","85,00 zł",https://wloczkowyswiat.pl/environment/cache/images/300_300_productGfx_4461/wloczka-skarpetkowa%2C-recznie-farbowana%2C-05.jpg,https://wloczkowyswiat.pl/environment/cache/images/300_300_productGfx_4461/wloczka-skarpetkowa%2C-recznie-farbowana%2C-05.jpg
Włóczki ręcznie farbowane,"włóczka skarpetkowa, ręcznie farbowana, 06","85,00 zł",https://wloczkowyswiat.pl/environment/cache/images/300_300_productGfx_4462/wloczka-skarpetkowa%2C-recznie-farbowana%2C-06.jpg,https://wloczkowyswiat.pl/environment/cache/images/300_300_productGfx_4462/wloczka-skarpetkowa%2C-recznie-farbowana%2C-06.jpg
Drops Alpaca,"Drops Alpaca, 101 biały, 100% Alpaka","17,20 zł",https://wloczkowyswiat.pl/environment/cache/images/300_300_productGfx_3157/wloczka%2C-Drops-Alpaca%2C-kolor-101-bialy.jpg,https://wloczkowyswiat.pl/environment/cache/images/300_300_productGfx_3157/wloczka%2C-Drops-Alpaca%2C-kolor-101-bialy.jpg
Drops Nepal,"Drops Nepal, 1101 biały, Wełna, Alpaka","12,20 zł",https://wloczkowyswiat.pl/environment/cache/images/300_300_productGfx_3164/wloczka%2C-Drops-Nepal%2C-kolor-bialy-1101.jpg,https://wloczkowyswiat.pl/environment/cache/images/300_300_productGfx_3164/wloczka%2C-Drops-Nepal%2C-kolor-bialy-1101.jpg
PetiteKnit Peer Gynt,"PetiteKnit Peer Gynt, Sandnes Garn, migdałowy 2511","20,50 zł",https://wloczkowyswiat.pl/environment/cache/images/300_300_productGfx_4443/wloczka%2C-PetiteKnit-Peer-Gynt%2C-Sandnes-Garn%2C-kolor-migdalowy-2511.jpg,https://wloczkowyswiat.pl/environment/cache/images/300_300_productGfx_4443/wloczka%2C-PetiteKnit-Peer-Gynt%2C-Sandnes-Garn%2C-kolor-migdalowy-2511.jpg
Drops Alpaca,"Włóczka, Drops Alpaca, 100 ecru, 100% Alpaka","17,20 zł",https://wloczkowyswiat.pl/environment/cache/images/300_300_productGfx_2685/drops-alpaca%2C-kolor-100-ecru.jpg,https://wloczkowyswiat.pl/environment/cache/images/300_300_productGfx_2685/drops-alpaca%2C-kolor-100-ecru.jpg
Peer Gynt,"włóczka, Peer Gynt, Sandnes Garn, ecru 1002","20,50 zł",https://wloczkowyswiat.pl/environment/cache/images/300_300_productGfx_4420/wloczka%2C-Peer-Gynt%2C-Sandnes-Garn%2C-kolor-ecru-1002.jpg,https://wloczkowyswiat.pl/environment/cache/images/300_300_productGfx_4420/wloczka%2C-Peer-Gynt%2C-Sandnes-Garn%2C-kolor-ecru-1002.jpg
Tynn Peer Gynt,"włóczka, Tynn Peer Gynt, Sandnes Garn, biały 1002","20,50 zł",https://wloczkowyswiat.pl/environment/cache/images/300_300_productGfx_4378/wloczka%2C-Tynn-Peer-Gynt%2C-Sandnes-Garn%2C-kolor-bialy-1002.jpg,https://wloczkowyswiat.pl/environment/cache/images/300_300_productGfx_4378/wloczka%2C-Tynn-Peer-Gynt%2C-Sandnes-Garn%2C-kolor-bialy-1002.jpg
Drops Alpaca,"Drops Alpaca, 501 jasny szary, 100% Alpaka","18,10 zł",https://wloczkowyswiat.pl/environment/cache/images/300_300_productGfx_3555/Drops-Alpaca%2C-9020-perlowo-szary-jasny.jpg,https://wloczkowyswiat.pl/environment/cache/images/300_300_productGfx_3555/Drops-Alpaca%2C-9020-perlowo-szary-jasny.jpg
PetiteKnit Peer Gynt,"PetiteKnit Peer Gynt, Sandnes Garn, jasny szary 1021","20,50 zł",https://wloczkowyswiat.pl/environment/cache/images/300_300_productGfx_4444/wloczka%2C-PetiteKnit-Peer-Gynt%2C-Sandnes-Garn%2C-kolor-jasny-szary-1021.jpg,https://wloczkowyswiat.pl/environment/cache/images/300_300_productGfx_4444/wloczka%2C-PetiteKnit-Peer-Gynt%2C-Sandnes-Garn%2C-kolor-jasny-szary-1021.jpg
Tynn Peer Gynt,"Tynn Peer Gynt, Sandnes Garn, krem tweed 2523","20,50 zł",https://wloczkowyswiat.pl/environment/cache/images/300_300_productGfx_4382/wloczka%2C-Tynn-Peer-Gynt%2C-Sandnes-Garn%2C-kolor-krem-tweed-2523.jpg,https://wloczkowyswiat.pl/environment/cache/images/300_300_productGfx_4382/wloczka%2C-Tynn-Peer-Gynt%2C-Sandnes-Garn%2C-kolor-krem-tweed-2523.jpg
Drops Alpaca,"Włóczka, Drops Alpaca, 9020 perłowo szary jasny, 100% Alpaka","18,10 zł",https://wloczkowyswiat.pl/environment/cache/images/300_300_productGfx_2684/Drops-Alpaca%2C-kolor-9020-perlowo-szary---jasny.jpg,https://wloczkowyswiat.pl/environment/cache/images/300_300_productGfx_2684/Drops-Alpaca%2C-kolor-9020-perlowo-szary---jasny.jpg
Peer Gynt,"włóczka, Peer Gynt, Sandnes Garn, biały 1001","20,50 zł",https://wloczkowyswiat.pl/environment/cache/images/300_300_productGfx_4419/wloczka%2C-Peer-Gynt%2C-Sandnes-Garn%2C-kolor-bialy-1001.jpg,https://wloczkowyswiat.pl/environment/cache/images/300_300_productGfx_4419/wloczka%2C-Peer-Gynt%2C-Sandnes-Garn%2C-kolor-bialy-1001.jpg
Peer Gynt,"włóczka, Peer Gynt, Sandnes Garn, krem tweed 2523","21,90 zł",https://wloczkowyswiat.pl/environment/cache/images/300_300_productGfx_4422/wloczka%2C-Peer-Gynt%2C-Sandnes-Garn%2C-kolor-krem-tweed-2523.jpg,https://wloczkowyswiat.pl/environment/cache/images/300_300_productGfx_4422/wloczka%2C-Peer-Gynt%2C-Sandnes-Garn%2C-kolor-krem-tweed-2523.jpg
Peer Gynt,"Peer Gynt, Sandnes Garn, krem tweed z niebieskim 1044","21,90 zł",https://wloczkowyswiat.pl/environment/cache/images/300_300_productGfx_4423/Peer-Gynt%2C-Sandnes-Garn%2C-krem-tweed-z-niebieskim-1044.jpg,https://wloczkowyswiat.pl/environment/cache/images/300_300_productGfx_4423/Peer-Gynt%2C-Sandnes-Garn%2C-krem-tweed-z-niebieskim-1044.jpg
PetiteKnit Peer Gynt,"PetiteKnit Peer Gynt, Sandnes Garn, jasna lewenda 5012","20,50 zł",https://wloczkowyswiat.pl/environment/cache/images/300_300_productGfx_4445/wloczka%2C-PetiteKnit-Peer-Gynt%2C-Sandnes-Garn%2C-kolor-jasna-lewenda-5012.jpg,https://wloczkowyswiat.pl/environment/cache/images/300_300_productGfx_4445/wloczka%2C-PetiteKnit-Peer-Gynt%2C-Sandnes-Garn%2C-kolor-jasna-lewenda-5012.jpg
Tynn Peer Gynt,"Tynn Peer Gynt, Sandnes Garn, beżowy tweed 2655","20,50 zł",https://wloczkowyswiat.pl/environment/cache/images/300_300_productGfx_4385/wloczka%2C-Tynn-Peer-Gynt%2C-Sandnes-Garn%2C-bezowy-tweed-2655.jpg,https://wloczkowyswiat.pl/environment/cache/images/300_300_productGfx_4385/wloczka%2C-Tynn-Peer-Gynt%2C-Sandnes-Garn%2C-bezowy-tweed-2655.jpg
Drops Kid-Silk,,,https://wloczkowyswiat.pl/environment/cache/images/300_300_productGfx_2319/Drops-Kid-Silk-kolor-10-szary.jpg,https://wloczkowyswiat.pl/environment/cache/images/300_300_productGfx_2319/Drops-Kid-Silk-kolor-10-szary.jpg
Drops Kid-Silk,,,https://wloczkowyswiat.pl/environment/cache/images/300_300_productGfx_2237/Drops-Kid-Silk-kolor-04-stary-rozowy.jpg,https://wloczkowyswiat.pl/environment/cache/images/300_300_productGfx_2237/Drops-Kid-Silk-kolor-04-stary-rozowy.jpg
Drops Kid-Silk,,,https://wloczkowyswiat.pl/environment/cache/images/300_300_productGfx_4549/Wloczka-Drops%2C-Kid-Silk%2C-58-akwamaryna%2C-moher%2C-jedwab.jpg,https://wloczkowyswiat.pl/environment/cache/images/300_300_productGfx_4549/Wloczka-Drops%2C-Kid-Silk%2C-58-akwamaryna%2C-moher%2C-jedwab.jpg
Drops Kid-Silk,,,https://wloczkowyswiat.pl/environment/cache/images/300_300_productGfx_2386/wloczka-Drops-Kid-Silk-kolor-03-bladorozowy.jpg,https://wloczkowyswiat.pl/environment/cache/images/300_300_productGfx_2386/wloczka-Drops-Kid-Silk-kolor-03-bladorozowy.jpg
Drops Kid-Silk,,,https://wloczkowyswiat.pl/environment/cache/images/300_300_productGfx_2235/Drops-Kid-Silk-kolor-07--jasny-blekit.jpg,https://wloczkowyswiat.pl/environment/cache/images/300_300_productGfx_2235/Drops-Kid-Silk-kolor-07--jasny-blekit.jpg
Drops Kid-Silk,,,https://wloczkowyswiat.pl/environment/cache/images/300_300_productGfx_4548/Wloczka-Drops%2C-Kid-Silk%2C-35-czekoladowy%2C-moher%2C-jedwab.jpg,https://wloczkowyswiat.pl/environment/cache/images/300_300_productGfx_4548/Wloczka-Drops%2C-Kid-Silk%2C-35-czekoladowy%2C-moher%2C-jedwab.jpg
Drops Kid-Silk,,,https://wloczkowyswiat.pl/environment/cache/images/300_300_productGfx_2463/Drops-Kid-Silk-kolor-33-rdza.jpg,https://wloczkowyswiat.pl/environment/cache/images/300_300_productGfx_2463/Drops-Kid-Silk-kolor-33-rdza.jpg
Drops Kid-Silk,,,https://wloczkowyswiat.pl/environment/cache/images/300_300_productGfx_2232/Drops-Kid-Silk-kolor-08--jasny-dzins.jpg,https://wloczkowyswiat.pl/environment/cache/images/300_300_productGfx_2232/Drops-Kid-Silk-kolor-08--jasny-dzins.jpg
Drops Kid-Silk,,,https://wloczkowyswiat.pl/environment/cache/images/300_300_productGfx_2770/wloczka%2C-Kid-Silk%2C-Drops%2C-kolor-21-kobalt-.jpg,https://wloczkowyswiat.pl/environment/cache/images/300_300_productGfx_2770/wloczka%2C-Kid-Silk%2C-Drops%2C-kolor-21-kobalt-.jpg
Drops Kid-Silk,,,https://wloczkowyswiat.pl/environment/cache/images/300_300_productGfx_2231/Drops-Kid-Silk-kolor-20-jasny-bez.jpg,https://wloczkowyswiat.pl/environment/cache/images/300_300_productGfx_2231/Drops-Kid-Silk-kolor-20-jasny-bez.jpg
Drops Kid-Silk,,,https://wloczkowyswiat.pl/environment/cache/images/300_300_productGfx_2771/wloczka%2C-Kid-Silk%2C-Drops%2C-kolor-29-wanilia-.jpg,https://wloczkowyswiat.pl/environment/cache/images/300_300_productGfx_2771/wloczka%2C-Kid-Silk%2C-Drops%2C-kolor-29-wanilia-.jpg
Drops Kid-Silk,,,https://wloczkowyswiat.pl/environment/cache/images/300_300_productGfx_2318/Drops-Kid-Silk-kolor-09-jasna-lawenda.jpg,https://wloczkowyswiat.pl/environment/cache/images/300_300_productGfx_2318/Drops-Kid-Silk-kolor-09-jasna-lawenda.jpg
Drops Alpaca,"Włóczka, Drops Alpaca, 517 średni szary, 100% Alpaka","18,10 zł",https://wloczkowyswiat.pl/environment/cache/images/300_300_productGfx_2682/wloczka%2C-Drops-Alpaca%2C-kolor-517-sredni-szary.jpg,https://wloczkowyswiat.pl/environment/cache/images/300_300_productGfx_2682/wloczka%2C-Drops-Alpaca%2C-kolor-517-sredni-szary.jpg
Drops Alpaca,"Drops Alpaca, 506 ciemny szary, 100% Alpaka","18,10 zł",https://wloczkowyswiat.pl/environment/cache/images/300_300_productGfx_3150/Drops-Alpaca%2C-kolor-ciemny-szary%2C-nr-506.jpg,https://wloczkowyswiat.pl/environment/cache/images/300_300_productGfx_3150/Drops-Alpaca%2C-kolor-ciemny-szary%2C-nr-506.jpg
PetiteKnit Peer Gynt,"PetiteKnit Peer Gynt, Sandnes Garn, różowy perłowy 3521","20,50 zł",https://wloczkowyswiat.pl/environment/cache/images/300_300_productGfx_4446/wloczka%2C-PetiteKnit-Peer-Gynt%2C-Sandnes-Garn%2C-kolor-rozowy-perlowy-3521.jpg,https://wloczkowyswiat.pl/environment/cache/images/300_300_productGfx_4446/wloczka%2C-PetiteKnit-Peer-Gynt%2C-Sandnes-Garn%2C-kolor-rozowy-perlowy-3521.jpg
Tynn Peer Gynt,"Tynn Peer Gynt, Sandnes Garn, beżowy melanż 2650","20,50 zł",https://wloczkowyswiat.pl/environment/cache/images/300_300_productGfx_4383/wloczka%2C-Tynn-Peer-Gynt%2C-Sandnes-Garn%2C-bezowy-melanz-2650.jpg,https://wloczkowyswiat.pl/environment/cache/images/300_300_productGfx_4383/wloczka%2C-Tynn-Peer-Gynt%2C-Sandnes-Garn%2C-bezowy-melanz-2650.jpg
Peer Gynt,"włóczka, Peer Gynt, Sandnes Garn, beżowy melanż 2650","20,50 zł",https://wloczkowyswiat.pl/environment/cache/images/300_300_productGfx_4424/wloczka%2C-Peer-Gynt%2C-Sandnes-Garn%2C-kolor-bezowy-melanz-2650.jpg,https://wloczkowyswiat.pl/environment/cache/images/300_300_productGfx_4424/wloczka%2C-Peer-Gynt%2C-Sandnes-Garn%2C-kolor-bezowy-melanz-2650.jpg
PetiteKnit Peer Gynt,"PetiteKnit Peer Gynt, Sandnes Garn, migdałowy tweed 2512","21,90 zł",https://wloczkowyswiat.pl/environment/cache/images/300_300_productGfx_4447/wloczka%2C-PetiteKnit-Peer-Gynt%2C-Sandnes-Garn%2C-kolor-migdalowy-tweed-2512.jpg,https://wloczkowyswiat.pl/environment/cache/images/300_300_productGfx_4447/wloczka%2C-PetiteKnit-Peer-Gynt%2C-Sandnes-Garn%2C-kolor-migdalowy-tweed-2512.jpg
Peer Gynt,"włóczka, Peer Gynt, Sandnes Garn, beżowy tweed 2730","21,90 zł",https://wloczkowyswiat.pl/environment/cache/images/300_300_productGfx_4425/wloczka%2C-Peer-Gynt%2C-Sandnes-Garn%2C-bezowy-tweed-2730.jpg,https://wloczkowyswiat.pl/environment/cache/images/300_300_productGfx_4425/wloczka%2C-Peer-Gynt%2C-Sandnes-Garn%2C-bezowy-tweed-2730.jpg
Peer Gynt,"włóczka, Peer Gynt, Sandnes Garn, jasny szary melanż 1032","20,50 zł",https://wloczkowyswiat.pl/environment/cache/images/300_300_productGfx_4426/wloczka%2C-Peer-Gynt%2C-Sandnes-Garn%2C-kolor-jasny-szary-melanz-1032.jpg,https://wloczkowyswiat.pl/environment/cache/images/300_300_productGfx_4426/wloczka%2C-Peer-Gynt%2C-Sandnes-Garn%2C-kolor-jasny-szary-melanz-1032.jpg
Tynn Peer Gynt,"włóczka, Tynn Peer Gynt, Sandnes Garn, pieprz i sól 1034","20,50 zł",https://wloczkowyswiat.pl/environment/cache/images/300_300_productGfx_4379/wloczka%2C-Tynn-Peer-Gynt%2C-Sandnes-Garn%2C-pieprz-i-sol-1034.jpg,https://wloczkowyswiat.pl/environment/cache/images/300_300_productGfx_4379/wloczka%2C-Tynn-Peer-Gynt%2C-Sandnes-Garn%2C-pieprz-i-sol-1034.jpg
Peer Gynt,"Peer Gynt, Sandnes Garn, jasny szary lovfall tweed 1035","20,50 zł",https://wloczkowyswiat.pl/environment/cache/images/300_300_productGfx_4427/wloczka%2C-Peer-Gynt%2C-Sandnes-Garn%2C-kolor--jasny-szary-lovfall-tweed-1035.jpg,https://wloczkowyswiat.pl/environment/cache/images/300_300_productGfx_4427/wloczka%2C-Peer-Gynt%2C-Sandnes-Garn%2C-kolor--jasny-szary-lovfall-tweed-1035.jpg
PetiteKnit Peer Gynt,"PetiteKnit Peer Gynt, Sandnes Garn, beżowa muszla 2710","20,50 zł",https://wloczkowyswiat.pl/environment/cache/images/300_300_productGfx_4448/wloczka%2C-PetiteKnit-Peer-Gynt%2C-Sandnes-Garn%2C-kolor-bezowa-muszla-2710.jpg,https://wloczkowyswiat.pl/environment/cache/images/300_300_productGfx_4448/wloczka%2C-PetiteKnit-Peer-Gynt%2C-Sandnes-Garn%2C-kolor-bezowa-muszla-2710.jpg
PetiteKnit Peer Gynt,"PetiteKnit Peer Gynt, Sandnes Garn, camel 2542","20,50 zł",https://wloczkowyswiat.pl/environment/cache/images/300_300_productGfx_4449/wloczka%2C-PetiteKnit-Peer-Gynt%2C-Sandnes-Garn%2C-kolor-camel-2542.jpg,https://wloczkowyswiat.pl/environment/cache/images/300_300_productGfx_4449/wloczka%2C-PetiteKnit-Peer-Gynt%2C-Sandnes-Garn%2C-kolor-camel-2542.jpg
Tynn Peer Gynt,"Tynn Peer Gynt, Sandnes Garn, szary ciemny melanż 1053","20,50 zł",https://wloczkowyswiat.pl/environment/cache/images/300_300_productGfx_4380/wloczka%2C-Tynn-Peer-Gynt%2C-Sandnes-Garn%2C--kolor-szary-ciemny-melanz-1053.jpg,https://wloczkowyswiat.pl/environment/cache/images/300_300_productGfx_4380/wloczka%2C-Tynn-Peer-Gynt%2C-Sandnes-Garn%2C--kolor-szary-ciemny-melanz-1053.jpg
Peer Gynt,"włóczka, Peer Gynt, Sandnes Garn, liliowy 5023","20,50 zł",https://wloczkowyswiat.pl/environment/cache/images/300_300_productGfx_4429/wloczka%2C-Peer-Gynt%2C-Sandnes-Garn%2C-liliowy-5023.jpg,https://wloczkowyswiat.pl/environment/cache/images/300_300_productGfx_4429/wloczka%2C-Peer-Gynt%2C-Sandnes-Garn%2C-liliowy-5023.jpg
Tynn Peer Gynt,"włóczka, Tynn Peer Gynt, Sandnes Garn, kwiat wiśni 4213","20,50 zł",https://wloczkowyswiat.pl/environment/cache/images/300_300_productGfx_4389/wloczka%2C-Tynn-Peer-Gynt%2C-Sandnes-Garn%2C-kolor-kwiat-wisni-4213.jpg,https://wloczkowyswiat.pl/environment/cache/images/300_300_productGfx_4389/wloczka%2C-Tynn-Peer-Gynt%2C-Sandnes-Garn%2C-kolor-kwiat-wisni-4213.jpg
PetiteKnit Peer Gynt,"PetiteKnit Peer Gynt, Sandnes Garn, czerwony mak  4008","20,50 zł",https://wloczkowyswiat.pl/environment/cache/images/300_300_productGfx_4451/wloczka-PetiteKnit-Peer-Gynt%2C-Sandnes-Garn%2C-kolor-czerwony-mak--4008.jpg,https://wloczkowyswiat.pl/environment/cache/images/300_300_productGfx_4451/wloczka-PetiteKnit-Peer-Gynt%2C-Sandnes-Garn%2C-kolor-czerwony-mak--4008.jpg
PetiteKnit Peer Gynt,"PetiteKnit Peer Gynt, Sandnes Garn, muskat melange 3070","20,50 zł",https://wloczkowyswiat.pl/environment/cache/images/300_300_productGfx_4450/wloczka-PetiteKnit-Peer-Gynt%2C-Sandnes-Garn%2C-kolor-muskat-melange-3070.jpg,https://wloczkowyswiat.pl/environment/cache/images/300_300_productGfx_4450/wloczka-PetiteKnit-Peer-Gynt%2C-Sandnes-Garn%2C-kolor-muskat-melange-3070.jpg
